{"train_time": 3280.6600806713104, "test_auc": 0.52297165200391, "test_time": 5.971744775772095, "test_scores": [[0, 1, 10.013751029968262], [1, 1, 47.532920837402344], [2, 1, 1.368229627609253], [3, 1, 29.605871200561523], [4, 1, 3.2085957527160645], [5, 1, 20.56109619140625], [6, 1, 5.0042829513549805], [7, 1, 21.495037078857422], [8, 1, 1.6255182027816772], [9, 1, 10.413511276245117], [10, 1, 61.75138854980469], [11, 1, 19.80539894104004], [12, 1, 1.9142801761627197], [13, 1, 5.668372631072998], [14, 1, 50.140785217285156], [15, 1, 132.84823608398438], [16, 1, 2.7360637187957764], [17, 1, 32.03856658935547], [18, 1, 174.81942749023438], [19, 1, 17.234140396118164], [20, 1, 2.342979907989502], [21, 1, 29.153825759887695], [22, 1, 7.494945049285889], [23, 1, 137.3335723876953], [24, 1, 36.27092361450195], [25, 1, 8.126546859741211], [26, 1, 38.17901611328125], [27, 1, 76.5575942993164], [28, 1, 7.642266273498535], [29, 1, 2.3730618953704834], [30, 1, 46.80516815185547], [31, 1, 23.752384185791016], [32, 1, 45.511959075927734], [33, 1, 10.954795837402344], [34, 1, 109.73526763916016], [35, 1, 147.85610961914062], [36, 1, 40.26587677001953], [37, 1, 51.81903076171875], [38, 1, 3.0995073318481445], [39, 1, 40.43792724609375], [40, 1, 31.82744789123535], [41, 1, 45.78177261352539], [42, 1, 95.61161041259766], [43, 1, 78.00624084472656], [44, 1, 20.876968383789062], [45, 1, 103.67463684082031], [46, 1, 0.6325027942657471], [47, 1, 17.706802368164062], [48, 1, 211.127197265625], [49, 1, 98.33171081542969], [50, 1, 8.550531387329102], [51, 1, 229.25790405273438], [52, 1, 191.6165771484375], [53, 1, 21.812267303466797], [54, 1, 167.12962341308594], [55, 1, 12.66491413116455], [56, 1, 18.585908889770508], [57, 1, 31.263622283935547], [58, 1, 156.64830017089844], [59, 1, 58.45240020751953], [60, 1, 10.16783618927002], [61, 1, 159.41835021972656], [62, 1, 1.76416015625], [63, 1, 171.21658325195312], [64, 1, 85.2288818359375], [65, 1, 21.428546905517578], [66, 1, 178.03074645996094], [67, 1, 12.157673835754395], [68, 1, 7.149471759796143], [69, 1, 8.733344078063965], [70, 0, 42.10328674316406], [71, 0, 3.89970326423645], [72, 0, 6.704715728759766], [73, 0, 137.71107482910156], [74, 0, 29.912342071533203], [75, 0, 57.42782974243164], [76, 0, 1.0865315198898315], [77, 0, 119.90571594238281], [78, 0, 19.527095794677734], [79, 0, 122.31914520263672], [80, 0, 173.3678741455078], [81, 0, 6.134096622467041], [82, 0, 16.48579978942871], [83, 0, 86.8921127319336], [84, 0, 0.7708176374435425], [85, 0, 80.28575897216797], [86, 0, 15.239849090576172], [87, 0, 21.814443588256836], [88, 0, 33.3159294128418], [89, 0, 29.462793350219727], [90, 0, 31.627174377441406], [91, 0, 21.925920486450195], [92, 1, 41.729244232177734], [93, 1, 48.928836822509766], [94, 1, 16.894956588745117], [95, 1, 2.3403820991516113], [96, 1, 113.46136474609375], [97, 1, 98.64498138427734], [98, 1, 2.705909490585327], [99, 1, 15.072897911071777], [100, 1, 37.50828170776367], [101, 1, 175.82077026367188], [102, 1, 11.044099807739258], [103, 1, 26.888324737548828], [104, 1, 90.08787536621094], [105, 1, 155.8125], [106, 1, 40.51289749145508], [107, 1, 52.041778564453125], [108, 1, 86.98442840576172], [109, 1, 2.954190254211426], [110, 1, 12.124560356140137], [111, 1, 10.994256019592285], [112, 1, 142.31568908691406], [113, 1, 179.59121704101562], [114, 1, 152.1316680908203]]}